,prediction
2013-12-16 00:00:00,295.04284693850786
2013-12-16 00:10:00,276.437988633028
2013-12-16 00:20:00,264.1081755895575
2013-12-16 00:30:00,255.70917040042696
2013-12-16 00:40:00,244.03783208856476
2013-12-16 00:50:00,241.27518535335548
2013-12-16 01:00:00,229.2885033241182
2013-12-16 01:10:00,218.2093712510541
2013-12-16 01:20:00,220.3922739290865
2013-12-16 01:30:00,221.46671607426833
2013-12-16 01:40:00,215.65142426936654
2013-12-16 01:50:00,215.5172032051487
2013-12-16 02:00:00,211.54075682081748
2013-12-16 02:10:00,209.20207687251968
2013-12-16 02:20:00,215.55037955351872
2013-12-16 02:30:00,217.21627010212978
2013-12-16 02:40:00,217.56588481896324
2013-12-16 02:50:00,221.34083119910792
2013-12-16 03:00:00,218.34957079429296
2013-12-16 03:10:00,217.64267880300758
2013-12-16 03:20:00,219.1168370032974
2013-12-16 03:30:00,219.33585142489756
2013-12-16 03:40:00,219.9474245675665
2013-12-16 03:50:00,223.44079300621524
2013-12-16 04:00:00,220.26066318669473
2013-12-16 04:10:00,221.74947287078248
2013-12-16 04:20:00,225.6556089736696
2013-12-16 04:30:00,222.50006670167204
2013-12-16 04:40:00,223.79941754354513
2013-12-16 04:50:00,225.53326066356385
2013-12-16 05:00:00,221.37442856712732
2013-12-16 05:10:00,225.74562297470402
2013-12-16 05:20:00,228.8476957512321
2013-12-16 05:30:00,227.4265018228325
2013-12-16 05:40:00,229.12674757483182
2013-12-16 05:50:00,232.72090811753878
2013-12-16 06:00:00,230.04238110827282
2013-12-16 06:10:00,230.2823623084114
2013-12-16 06:20:00,232.77084104795358
2013-12-16 06:30:00,231.4165050398733
2013-12-16 06:40:00,240.64811868758989
2013-12-16 06:50:00,272.30845950418734
2013-12-16 07:00:00,293.09015780474874
2013-12-16 07:10:00,304.2476837365248
2013-12-16 07:20:00,305.2951806241472
2013-12-16 07:30:00,309.9372590741259
2013-12-16 07:40:00,315.25246373951086
2013-12-16 07:50:00,324.9614294656785
2013-12-16 08:00:00,338.00992305061664
2013-12-16 08:10:00,370.22651502795634
2013-12-16 08:20:00,409.01513952796813
2013-12-16 08:30:00,438.0136257134145
2013-12-16 08:40:00,504.15556001701043
2013-12-16 08:50:00,598.8093659953156
2013-12-16 09:00:00,683.6176274731988
2013-12-16 09:10:00,777.2451559542096
2013-12-16 09:20:00,877.284392675414
2013-12-16 09:30:00,943.8216644297645
2013-12-16 09:40:00,1022.1725791374629
2013-12-16 09:50:00,1077.0010418311576
2013-12-16 10:00:00,1114.3442216709664
2013-12-16 10:10:00,1147.870858389273
2013-12-16 10:20:00,1143.0419314189057
2013-12-16 10:30:00,1157.9093140930345
2013-12-16 10:40:00,1207.7568827739233
2013-12-16 10:50:00,1316.6109026389895
2013-12-16 11:00:00,1391.4855633567859
2013-12-16 11:10:00,1459.4189573194162
2013-12-16 11:20:00,1562.1017553680067
2013-12-16 11:30:00,1642.6782851971657
2013-12-16 11:40:00,1799.3270661367424
2013-12-16 11:50:00,1918.7154818015406
2013-12-16 12:00:00,1948.5536074737174
2013-12-16 12:10:00,2028.3151485166163
2013-12-16 12:20:00,2124.496497986751
2013-12-16 12:30:00,2130.5648226009216
2013-12-16 12:40:00,2180.3821410200035
2013-12-16 12:50:00,2272.472779372969
2013-12-16 13:00:00,2280.0283980004897
2013-12-16 13:10:00,2350.2511915614596
2013-12-16 13:20:00,2451.6776038233947
2013-12-16 13:30:00,2555.2343755111215
2013-12-16 13:40:00,2756.6670165537507
2013-12-16 13:50:00,2945.4311763469595
2013-12-16 14:00:00,3037.489817206573
2013-12-16 14:10:00,3052.081516214297
2013-12-16 14:20:00,3009.4037648052326
2013-12-16 14:30:00,2953.931226251938
2013-12-16 14:40:00,2846.9402814882633
2013-12-16 14:50:00,2690.8838751953444
2013-12-16 15:00:00,2524.86471253162
2013-12-16 15:10:00,2391.16554427112
2013-12-16 15:20:00,2350.6269094965537
2013-12-16 15:30:00,2288.112817307614
2013-12-16 15:40:00,2348.9345789139625
2013-12-16 15:50:00,2395.8786066339817
2013-12-16 16:00:00,2407.2122871870524
2013-12-16 16:10:00,2516.993329167075
2013-12-16 16:20:00,2587.0231273207755
2013-12-16 16:30:00,2600.8086579038936
2013-12-16 16:40:00,2659.8710625994718
2013-12-16 16:50:00,2649.6460109871114
2013-12-16 17:00:00,2632.1401823743363
2013-12-16 17:10:00,2582.1647289749526
2013-12-16 17:20:00,2579.79598822369
2013-12-16 17:30:00,2545.8298911953752
2013-12-16 17:40:00,2462.465727114817
2013-12-16 17:50:00,2444.8367923565675
2013-12-16 18:00:00,2490.230794135481
2013-12-16 18:10:00,2437.798185858468
2013-12-16 18:20:00,2378.453529589955
2013-12-16 18:30:00,2351.1776031979243
2013-12-16 18:40:00,2332.6715161021857
2013-12-16 18:50:00,2296.443954129267
2013-12-16 19:00:00,2224.907663466205
2013-12-16 19:10:00,2143.588055006898
2013-12-16 19:20:00,2083.2331199877663
2013-12-16 19:30:00,1979.8669859972724
2013-12-16 19:40:00,1876.9056413486614
2013-12-16 19:50:00,1759.5502874686863
2013-12-16 20:00:00,1673.8540850247991
2013-12-16 20:10:00,1550.023217376769
2013-12-16 20:20:00,1425.5727035342934
2013-12-16 20:30:00,1312.790738748503
2013-12-16 20:40:00,1190.6537594557667
2013-12-16 20:50:00,1084.4430693572795
2013-12-16 21:00:00,998.0351016196655
2013-12-16 21:10:00,916.7114513717243
2013-12-16 21:20:00,811.7359276695643
2013-12-16 21:30:00,761.0269738370553
2013-12-16 21:40:00,706.3405631730566
2013-12-16 21:50:00,672.2258462085156
2013-12-16 22:00:00,646.9949806613149
2013-12-16 22:10:00,613.7980865323916
2013-12-16 22:20:00,569.1506367957336
2013-12-16 22:30:00,544.4237317688239
2013-12-16 22:40:00,543.0152526338352
2013-12-16 22:50:00,521.9719327231578
2013-12-16 23:00:00,587.751790128299
2013-12-16 23:10:00,590.6969909834734
2013-12-16 23:20:00,564.4523101205996
2013-12-16 23:30:00,555.5042953086959
2013-12-16 23:40:00,554.7847727279295
2013-12-16 23:50:00,478.0818131317792
2013-12-17 00:00:00,426.47052998674917
2013-12-17 00:10:00,394.79528507456416
2013-12-17 00:20:00,345.9619737799803
2013-12-17 00:30:00,345.9758674284094
2013-12-17 00:40:00,326.6970408682246
2013-12-17 00:50:00,307.1972631960525
2013-12-17 01:00:00,290.6422653594054
2013-12-17 01:10:00,279.820292088174
2013-12-17 01:20:00,255.4914190377749
2013-12-17 01:30:00,246.53422599751502
2013-12-17 01:40:00,231.64124532870483
2013-12-17 01:50:00,210.97372755705146
2013-12-17 02:00:00,205.09225146326935
2013-12-17 02:10:00,206.66635972831864
2013-12-17 02:20:00,206.2482030125684
2013-12-17 02:30:00,211.0835294816061
2013-12-17 02:40:00,211.58235356217483
2013-12-17 02:50:00,205.75645206210902
2013-12-17 03:00:00,206.36844622442732
2013-12-17 03:10:00,208.6123125476879
2013-12-17 03:20:00,203.2448172418517
2013-12-17 03:30:00,204.5922485276824
2013-12-17 03:40:00,207.84470952296397
2013-12-17 03:50:00,208.52676135493675
2013-12-17 04:00:00,214.03740334155736
2013-12-17 04:10:00,221.20703115453944
2013-12-17 04:20:00,214.50928216456668
2013-12-17 04:30:00,218.79004155145958
2013-12-17 04:40:00,219.0176447739068
2013-12-17 04:50:00,212.5294793653884
2013-12-17 05:00:00,218.80831380424206
2013-12-17 05:10:00,224.31744012012496
2013-12-17 05:20:00,223.54571110283723
2013-12-17 05:30:00,229.23907561728265
2013-12-17 05:40:00,230.84728647393058
2013-12-17 05:50:00,229.2756201228476
2013-12-17 06:00:00,231.99119686125778
2013-12-17 06:10:00,232.55435274424963
2013-12-17 06:20:00,226.49099616194144
2013-12-17 06:30:00,230.46121145546203
2013-12-17 06:40:00,239.45570683665574
2013-12-17 06:50:00,245.46626755493344
2013-12-17 07:00:00,262.340987713309
2013-12-17 07:10:00,277.15186955049285
2013-12-17 07:20:00,288.62532862715307
2013-12-17 07:30:00,306.79207388550276
2013-12-17 07:40:00,333.30334439035505
2013-12-17 07:50:00,344.6165633884666
2013-12-17 08:00:00,361.03077225436573
2013-12-17 08:10:00,384.7170851159026
2013-12-17 08:20:00,410.33798326627584
2013-12-17 08:30:00,456.99689647974446
2013-12-17 08:40:00,510.12502921751
2013-12-17 08:50:00,591.4376487506379
2013-12-17 09:00:00,648.0973785112146
2013-12-17 09:10:00,753.4779231160646
2013-12-17 09:20:00,855.609374882828
2013-12-17 09:30:00,949.0811260935734
2013-12-17 09:40:00,1047.3780150978419
2013-12-17 09:50:00,1141.1829612590955
2013-12-17 10:00:00,1199.535716284685
2013-12-17 10:10:00,1290.544923566289
2013-12-17 10:20:00,1346.6140048607704
2013-12-17 10:30:00,1384.4448307094572
2013-12-17 10:40:00,1507.6142975393159
2013-12-17 10:50:00,1586.2732512734729
2013-12-17 11:00:00,1702.6243469838155
2013-12-17 11:10:00,1841.9374333509259
2013-12-17 11:20:00,1901.553289426578
2013-12-17 11:30:00,1984.1656808212283
2013-12-17 11:40:00,2090.7731608882605
2013-12-17 11:50:00,2200.2172187409305
2013-12-17 12:00:00,2311.56058043582
2013-12-17 12:10:00,2431.4527461110847
2013-12-17 12:20:00,2535.2810754726524
2013-12-17 12:30:00,2582.131973646232
2013-12-17 12:40:00,2711.5470143626444
2013-12-17 12:50:00,2801.993486780906
2013-12-17 13:00:00,2864.893317172595
2013-12-17 13:10:00,2991.5169976137113
2013-12-17 13:20:00,3161.4630947510013
2013-12-17 13:30:00,3338.5257712254534
2013-12-17 13:40:00,3440.9542944568093
2013-12-17 13:50:00,3484.226862426498
2013-12-17 14:00:00,3545.459286598838
2013-12-17 14:10:00,3678.2268225792213
2013-12-17 14:20:00,3698.468436873576
2013-12-17 14:30:00,3579.330822613905
2013-12-17 14:40:00,3459.775725269923
2013-12-17 14:50:00,3313.466008063755
2013-12-17 15:00:00,3204.0421591542545
2013-12-17 15:10:00,3061.9103041326744
2013-12-17 15:20:00,2893.79968425876
2013-12-17 15:30:00,2879.817621703318
2013-12-17 15:40:00,3040.9263479925576
2013-12-17 15:50:00,3209.582104108471
2013-12-17 16:00:00,3294.1844869778142
2013-12-17 16:10:00,3510.794212748646
2013-12-17 16:20:00,3649.9410384562216
2013-12-17 16:30:00,3764.31287869293
2013-12-17 16:40:00,3815.8867752930964
2013-12-17 16:50:00,3742.6414816693286
2013-12-17 17:00:00,3741.5751231014146
2013-12-17 17:10:00,3735.168888116663
2013-12-17 17:20:00,3693.6548350184457
2013-12-17 17:30:00,3704.227985676902
2013-12-17 17:40:00,3642.6717131902697
2013-12-17 17:50:00,3469.716336007172
2013-12-17 18:00:00,3329.0388512623613
2013-12-17 18:10:00,3198.6632121139555
2013-12-17 18:20:00,3117.2637783291284
2013-12-17 18:30:00,2945.926800678193
2013-12-17 18:40:00,2884.0508900737623
2013-12-17 18:50:00,2790.9611720928515
2013-12-17 19:00:00,2745.4423800898658
2013-12-17 19:10:00,2698.1299601766514
2013-12-17 19:20:00,2717.1736893646303
2013-12-17 19:30:00,2676.4573842980317
2013-12-17 19:40:00,2548.7115180834953
2013-12-17 19:50:00,2428.6502709170454
2013-12-17 20:00:00,2288.317348653276
2013-12-17 20:10:00,2119.430368545931
2013-12-17 20:20:00,1907.6458647725522
2013-12-17 20:30:00,1721.243709416216
2013-12-17 20:40:00,1534.3031330812883
2013-12-17 20:50:00,1397.2885192859612
2013-12-17 21:00:00,1246.5430653599688
2013-12-17 21:10:00,1128.507238471706
2013-12-17 21:20:00,1021.6155701413518
2013-12-17 21:30:00,950.1352750916558
2013-12-17 21:40:00,920.2123981640616
2013-12-17 21:50:00,930.697050492221
2013-12-17 22:00:00,870.6097997661564
2013-12-17 22:10:00,782.2834138942417
2013-12-17 22:20:00,679.8863829326583
2013-12-17 22:30:00,576.5399526617548
2013-12-17 22:40:00,523.1650182055309
2013-12-17 22:50:00,478.9418720715039
2013-12-17 23:00:00,441.19080839538947
2013-12-17 23:10:00,420.4400129370915
2013-12-17 23:20:00,383.98147958453046
2013-12-17 23:30:00,354.8013655223476
2013-12-17 23:40:00,344.3239547321573
2013-12-17 23:50:00,318.41819468702306
2013-12-18 00:00:00,303.6001555158
2013-12-18 00:10:00,313.7360351664247
2013-12-18 00:20:00,321.39303532551276
2013-12-18 00:30:00,306.49533923662966
2013-12-18 00:40:00,293.8005021571589
2013-12-18 00:50:00,273.9636561537045
2013-12-18 01:00:00,259.3533480774786
2013-12-18 01:10:00,259.27815396810183
2013-12-18 01:20:00,255.5636660096061
2013-12-18 01:30:00,243.78547291073482
2013-12-18 01:40:00,241.64829296662356
2013-12-18 01:50:00,236.38967334211338
2013-12-18 02:00:00,227.6070350484806
2013-12-18 02:10:00,229.43905995073146
2013-12-18 02:20:00,227.19864598859567
2013-12-18 02:30:00,271.9920211357239
2013-12-18 02:40:00,313.7998617452686
2013-12-18 02:50:00,366.4067721571191
2013-12-18 03:00:00,406.20449655273114
2013-12-18 03:10:00,463.230681816116
2013-12-18 03:20:00,432.7099569864222
2013-12-18 03:30:00,387.7891812933958
2013-12-18 03:40:00,348.0508206683444
2013-12-18 03:50:00,315.9616292369028
2013-12-18 04:00:00,284.1274915090471
2013-12-18 04:10:00,264.0503274897346
2013-12-18 04:20:00,250.90440995793324
2013-12-18 04:30:00,239.49452484832727
2013-12-18 04:40:00,235.33746103441808
2013-12-18 04:50:00,232.1970754697977
2013-12-18 05:00:00,230.94066863215994
2013-12-18 05:10:00,235.12745643331436
2013-12-18 05:20:00,245.78531624522293
2013-12-18 05:30:00,253.39693048610934
2013-12-18 05:40:00,260.3389550766442
2013-12-18 05:50:00,268.5798252854729
2013-12-18 06:00:00,271.7910263551166
2013-12-18 06:10:00,279.2249703039706
2013-12-18 06:20:00,275.8639704430825
2013-12-18 06:30:00,274.531695864629
2013-12-18 06:40:00,296.009508053452
2013-12-18 06:50:00,295.5505124317133
2013-12-18 07:00:00,296.9653910653724
2013-12-18 07:10:00,322.63142252215766
2013-12-18 07:20:00,359.1283528667409
2013-12-18 07:30:00,393.0530215615581
2013-12-18 07:40:00,431.9654258384835
2013-12-18 07:50:00,446.1097493667912
2013-12-18 08:00:00,456.7518630438135
2013-12-18 08:10:00,467.3768833230715
2013-12-18 08:20:00,541.0229876530357
2013-12-18 08:30:00,578.1660147515358
2013-12-18 08:40:00,627.3690655021928
2013-12-18 08:50:00,674.6325629321509
2013-12-18 09:00:00,737.938508877618
2013-12-18 09:10:00,822.4136596089229
2013-12-18 09:20:00,909.0342422694666
2013-12-18 09:30:00,995.2678236683132
2013-12-18 09:40:00,1124.912993725069
2013-12-18 09:50:00,1201.2565919995031
2013-12-18 10:00:00,1266.1925576194553
2013-12-18 10:10:00,1360.015039249105
2013-12-18 10:20:00,1477.3712246428877
2013-12-18 10:30:00,1595.7882006197215
2013-12-18 10:40:00,1735.4108101075544
2013-12-18 10:50:00,1913.3942986571346
2013-12-18 11:00:00,2002.252769161918
2013-12-18 11:10:00,2140.466446918639
2013-12-18 11:20:00,2246.3300694691716
2013-12-18 11:30:00,2300.7794460705773
2013-12-18 11:40:00,2361.210669850174
2013-12-18 11:50:00,2401.890767226927
2013-12-18 12:00:00,2484.5201678154117
2013-12-18 12:10:00,2594.134738626075
2013-12-18 12:20:00,2620.9711205041676
2013-12-18 12:30:00,2649.1717744540656
2013-12-18 12:40:00,2674.390851451084
2013-12-18 12:50:00,2662.0219677841524
2013-12-18 13:00:00,2731.5622884935
2013-12-18 13:10:00,2805.6592206640053
2013-12-18 13:20:00,2959.0914114824263
2013-12-18 13:30:00,3208.92531345546
2013-12-18 13:40:00,3472.10772761557
2013-12-18 13:50:00,3696.017765698547
2013-12-18 14:00:00,3860.0860917149694
2013-12-18 14:10:00,3962.881238856993
2013-12-18 14:20:00,3921.2061878448585
2013-12-18 14:30:00,3905.6916137657245
2013-12-18 14:40:00,3775.7524877897813
2013-12-18 14:50:00,3699.5193019183935
2013-12-18 15:00:00,3548.6374797279714
2013-12-18 15:10:00,3369.513322642364
2013-12-18 15:20:00,3216.485479095194
2013-12-18 15:30:00,3076.5264222800615
2013-12-18 15:40:00,3015.8957193905953
2013-12-18 15:50:00,2921.993096670689
2013-12-18 16:00:00,2890.919320429588
2013-12-18 16:10:00,2911.273094358534
2013-12-18 16:20:00,2976.205691821291
2013-12-18 16:30:00,2972.7435630406253
2013-12-18 16:40:00,2941.324045463465
2013-12-18 16:50:00,2898.3595796731825
2013-12-18 17:00:00,2866.0780664659105
2013-12-18 17:10:00,2891.8803398812306
2013-12-18 17:20:00,2906.8811015802785
2013-12-18 17:30:00,2898.0826329478296
2013-12-18 17:40:00,2872.1694629568665
2013-12-18 17:50:00,2778.9244729292695
2013-12-18 18:00:00,2737.563334167702
2013-12-18 18:10:00,2643.074904707668
2013-12-18 18:20:00,2511.257862687693
2013-12-18 18:30:00,2474.300673662423
2013-12-18 18:40:00,2445.175123746798
2013-12-18 18:50:00,2432.53821897108
2013-12-18 19:00:00,2363.504553307779
2013-12-18 19:10:00,2308.478463990672
2013-12-18 19:20:00,2233.8067557948525
2013-12-18 19:30:00,2116.020614609646
2013-12-18 19:40:00,2031.0617965051497
2013-12-18 19:50:00,2042.0767651836504
2013-12-18 20:00:00,2005.8337096876348
2013-12-18 20:10:00,1912.3061312713835
2013-12-18 20:20:00,1752.17926490643
2013-12-18 20:30:00,1557.2875219834023
2013-12-18 20:40:00,1403.923473195231
2013-12-18 20:50:00,1231.1049905511245
2013-12-18 21:00:00,1084.042932282522
2013-12-18 21:10:00,953.4684034517559
2013-12-18 21:20:00,845.6034218959976
2013-12-18 21:30:00,790.1681014797068
2013-12-18 21:40:00,765.8788042763481
2013-12-18 21:50:00,748.1833484134986
2013-12-18 22:00:00,755.3144950305286
2013-12-18 22:10:00,735.6071546712192
2013-12-18 22:20:00,713.308775185782
2013-12-18 22:30:00,645.6365186606708
2013-12-18 22:40:00,579.6700653469306
2013-12-18 22:50:00,529.8629356033634
2013-12-18 23:00:00,475.79887618505745
2013-12-18 23:10:00,424.70502618909813
2013-12-18 23:20:00,416.0453256330802
2013-12-18 23:30:00,394.8008425339358
2013-12-18 23:40:00,366.53038352617295
2013-12-18 23:50:00,335.59579638115247
2013-12-19 00:00:00,301.66792793700006
2013-12-19 00:10:00,266.6111374050379
2013-12-19 00:20:00,240.22903572861105
2013-12-19 00:30:00,224.14288537349785
2013-12-19 00:40:00,211.49882326374063
2013-12-19 00:50:00,202.67155688727507
2013-12-19 01:00:00,193.0586678450927
2013-12-19 01:10:00,184.49900155776413
2013-12-19 01:20:00,180.19584392552497
2013-12-19 01:30:00,170.391475146811
2013-12-19 01:40:00,162.11742858961225
2013-12-19 01:50:00,163.86567058163928
2013-12-19 02:00:00,156.83211631933227
2013-12-19 02:10:00,152.2067944513983
2013-12-19 02:20:00,153.38514424604364
2013-12-19 02:30:00,157.72383593668928
2013-12-19 02:40:00,156.76845814834815
2013-12-19 02:50:00,162.81867891759612
2013-12-19 03:00:00,167.62335515615996
2013-12-19 03:10:00,166.2705348188174
2013-12-19 03:20:00,172.64106733730296
2013-12-19 03:30:00,172.64645638881484
2013-12-19 03:40:00,170.6850100463489
2013-12-19 03:50:00,173.65252494293964
2013-12-19 04:00:00,174.52420402498683
2013-12-19 04:10:00,172.10350944899255
2013-12-19 04:20:00,176.31016937759705
2013-12-19 04:30:00,177.26908373099286
2013-12-19 04:40:00,174.95499133021804
2013-12-19 04:50:00,180.55354221962625
2013-12-19 05:00:00,184.81426107120933
2013-12-19 05:10:00,184.43635383393848
2013-12-19 05:20:00,195.31348067923682
2013-12-19 05:30:00,197.95883134013275
2013-12-19 05:40:00,194.0025938989711
2013-12-19 05:50:00,204.50518166419351
2013-12-19 06:00:00,202.73790958401514
2013-12-19 06:10:00,196.70318233786384
2013-12-19 06:20:00,206.371982789482
2013-12-19 06:30:00,210.61333473719424
2013-12-19 06:40:00,200.85022588411812
2013-12-19 06:50:00,206.0312936892151
2013-12-19 07:00:00,210.89912287518382
2013-12-19 07:10:00,220.78719036019174
2013-12-19 07:20:00,226.19055654015392
2013-12-19 07:30:00,234.19186656849342
2013-12-19 07:40:00,241.62446325446945
2013-12-19 07:50:00,259.6434306158917
2013-12-19 08:00:00,284.75590543769067
2013-12-19 08:10:00,318.8862843331881
2013-12-19 08:20:00,348.8389694519574
2013-12-19 08:30:00,393.76858655762044
2013-12-19 08:40:00,450.4926481206203
2013-12-19 08:50:00,531.9711493955983
2013-12-19 09:00:00,602.3566249490832
2013-12-19 09:10:00,690.8976466382446
2013-12-19 09:20:00,771.5814312230796
2013-12-19 09:30:00,877.6029361421242
2013-12-19 09:40:00,985.8422883700987
2013-12-19 09:50:00,1074.2991903333168
2013-12-19 10:00:00,1176.0092856349947
2013-12-19 10:10:00,1290.9218203564014
2013-12-19 10:20:00,1415.9192281979122
2013-12-19 10:30:00,1515.9489709260233
2013-12-19 10:40:00,1636.478518248463
2013-12-19 10:50:00,1719.332111800235
2013-12-19 11:00:00,1843.2611401795148
2013-12-19 11:10:00,1914.7563814267633
2013-12-19 11:20:00,1925.410115246108
2013-12-19 11:30:00,1944.9319964498718
2013-12-19 11:40:00,1965.1738212540513
2013-12-19 11:50:00,2050.7807570067816
2013-12-19 12:00:00,2136.7857247360225
2013-12-19 12:10:00,2209.2209765544103
2013-12-19 12:20:00,2299.591833843646
2013-12-19 12:30:00,2370.7929086618824
2013-12-19 12:40:00,2460.714201169525
2013-12-19 12:50:00,2551.9290344478795
2013-12-19 13:00:00,2620.7169088398805
2013-12-19 13:10:00,2687.594869694498
2013-12-19 13:20:00,2871.120703010296
2013-12-19 13:30:00,2952.398714728246
2013-12-19 13:40:00,3048.1193844980444
2013-12-19 13:50:00,3158.5639534454676
2013-12-19 14:00:00,3227.5020476483623
2013-12-19 14:10:00,3286.6399832690367
2013-12-19 14:20:00,3278.3204665897065
2013-12-19 14:30:00,3292.566592669231
2013-12-19 14:40:00,3259.393444048532
2013-12-19 14:50:00,3240.3791862360085
2013-12-19 15:00:00,3096.8421360327047
2013-12-19 15:10:00,3057.7450725375675
2013-12-19 15:20:00,2946.1196276776027
2013-12-19 15:30:00,2806.251005883154
2013-12-19 15:40:00,2770.3712061406113
2013-12-19 15:50:00,2714.454744469025
2013-12-19 16:00:00,2674.1082630624296
2013-12-19 16:10:00,2673.7219354321714
2013-12-19 16:20:00,2610.309303107555
2013-12-19 16:30:00,2526.333481680398
2013-12-19 16:40:00,2542.53339154477
2013-12-19 16:50:00,2476.343797816866
2013-12-19 17:00:00,2508.4065492143272
2013-12-19 17:10:00,2527.7230991350953
2013-12-19 17:20:00,2478.856190472492
2013-12-19 17:30:00,2402.673695366888
2013-12-19 17:40:00,2423.5540806732606
2013-12-19 17:50:00,2368.613205733185
2013-12-19 18:00:00,2329.3894153235888
2013-12-19 18:10:00,2314.935810760857
2013-12-19 18:20:00,2271.379307139636
2013-12-19 18:30:00,2218.108448740735
2013-12-19 18:40:00,2260.7446034084423
2013-12-19 18:50:00,2216.476408171933
2013-12-19 19:00:00,2152.1609413112164
2013-12-19 19:10:00,2161.801449242397
2013-12-19 19:20:00,2066.3855976987397
2013-12-19 19:30:00,1930.6923119709827
2013-12-19 19:40:00,1811.5682124420564
2013-12-19 19:50:00,1681.7949892589459
2013-12-19 20:00:00,1635.7722893631253
2013-12-19 20:10:00,1513.8670392854
2013-12-19 20:20:00,1421.6514738769765
2013-12-19 20:30:00,1275.4770092331673
2013-12-19 20:40:00,1110.0849342861911
2013-12-19 20:50:00,1008.6310715431173
2013-12-19 21:00:00,943.697800448921
2013-12-19 21:10:00,876.5673962125438
2013-12-19 21:20:00,844.0297346505977
2013-12-19 21:30:00,786.3245288967155
2013-12-19 21:40:00,718.1586689346877
2013-12-19 21:50:00,660.439232716657
2013-12-19 22:00:00,598.8538256702886
2013-12-19 22:10:00,575.2237610339071
2013-12-19 22:20:00,548.1063906418276
2013-12-19 22:30:00,512.4552887728205
2013-12-19 22:40:00,496.2366014320869
2013-12-19 22:50:00,493.29274783979054
2013-12-19 23:00:00,469.3777371047181
2013-12-19 23:10:00,432.4116224628815
2013-12-19 23:20:00,398.50581544835586
2013-12-19 23:30:00,375.2249445091584
2013-12-19 23:40:00,362.02261034434196
2013-12-19 23:50:00,345.5060937036469
2013-12-20 00:00:00,310.6113957366906
2013-12-20 00:10:00,291.3552200336417
2013-12-20 00:20:00,273.26080595105304
2013-12-20 00:30:00,262.36591207655147
2013-12-20 00:40:00,246.74296753967064
2013-12-20 00:50:00,223.18296057294356
2013-12-20 01:00:00,208.82416963524884
2013-12-20 01:10:00,206.76622558914823
2013-12-20 01:20:00,190.94599124457454
2013-12-20 01:30:00,180.13622754317475
2013-12-20 01:40:00,172.67744343500817
2013-12-20 01:50:00,162.79931201372528
2013-12-20 02:00:00,163.530538940744
2013-12-20 02:10:00,164.2329681237461
2013-12-20 02:20:00,163.95677923376206
2013-12-20 02:30:00,171.07335857092403
2013-12-20 02:40:00,179.69499895063927
2013-12-20 02:50:00,179.82888319913764
2013-12-20 03:00:00,183.6660562834586
2013-12-20 03:10:00,187.16506638540886
2013-12-20 03:20:00,200.0671293362975
2013-12-20 03:30:00,213.3289114756044
2013-12-20 03:40:00,214.63727213797392
2013-12-20 03:50:00,217.32405113236746
2013-12-20 04:00:00,213.46245890838327
2013-12-20 04:10:00,209.97658461949322
2013-12-20 04:20:00,209.42201753734844
2013-12-20 04:30:00,202.80139934713952
2013-12-20 04:40:00,199.51929856854258
2013-12-20 04:50:00,193.4606574063073
2013-12-20 05:00:00,190.36060552409617
2013-12-20 05:10:00,186.463142425986
2013-12-20 05:20:00,184.36915909789968
2013-12-20 05:30:00,190.20028124161763
2013-12-20 05:40:00,198.91471435205312
2013-12-20 05:50:00,204.5036659934558
2013-12-20 06:00:00,201.25962539116153
2013-12-20 06:10:00,207.37889338290552
2013-12-20 06:20:00,199.99218783871038
2013-12-20 06:30:00,198.32882340799551
2013-12-20 06:40:00,203.23673366458388
2013-12-20 06:50:00,204.75509892805712
2013-12-20 07:00:00,215.05256592010846
2013-12-20 07:10:00,230.76569286588347
2013-12-20 07:20:00,246.11270112456987
2013-12-20 07:30:00,267.1451587282936
2013-12-20 07:40:00,297.08950765800546
2013-12-20 07:50:00,323.54579299665056
2013-12-20 08:00:00,360.6616222258017
2013-12-20 08:10:00,384.34035673364997
2013-12-20 08:20:00,409.8762931187812
2013-12-20 08:30:00,450.48304887261475
2013-12-20 08:40:00,501.89881049247924
2013-12-20 08:50:00,565.8832717048645
2013-12-20 09:00:00,646.0448235166259
2013-12-20 09:10:00,753.482975351857
2013-12-20 09:20:00,868.3974257126683
2013-12-20 09:30:00,979.7607437389379
2013-12-20 09:40:00,1043.9646403925726
2013-12-20 09:50:00,1130.1882015237643
2013-12-20 10:00:00,1223.9624764035616
2013-12-20 10:10:00,1354.6913089358204
2013-12-20 10:20:00,1417.9362912360593
2013-12-20 10:30:00,1494.8850526290007
2013-12-20 10:40:00,1607.1437320925943
2013-12-20 10:50:00,1688.0723080270618
2013-12-20 11:00:00,1788.357693886268
2013-12-20 11:10:00,1870.7924781418333
2013-12-20 11:20:00,1926.49777740828
2013-12-20 11:30:00,1937.6958896342549
2013-12-20 11:40:00,2038.6080684964545
2013-12-20 11:50:00,2099.694819870114
2013-12-20 12:00:00,2267.9368820785603
2013-12-20 12:10:00,2366.4870565038873
2013-12-20 12:20:00,2466.344075920846
2013-12-20 12:30:00,2467.7960042836494
2013-12-20 12:40:00,2483.3463650329795
2013-12-20 12:50:00,2527.453057131992
2013-12-20 13:00:00,2611.6892371103168
2013-12-20 13:10:00,2736.7516082837246
2013-12-20 13:20:00,2819.687426973018
2013-12-20 13:30:00,2955.5012927283533
2013-12-20 13:40:00,3099.1105899034883
2013-12-20 13:50:00,3211.2085872179014
2013-12-20 14:00:00,3379.6700006636675
2013-12-20 14:10:00,3405.4012059621746
2013-12-20 14:20:00,3456.7927168502356
2013-12-20 14:30:00,3487.427790616697
2013-12-20 14:40:00,3455.1665705565247
2013-12-20 14:50:00,3321.006806799618
2013-12-20 15:00:00,3309.034692050249
2013-12-20 15:10:00,3222.3853116456885
2013-12-20 15:20:00,3129.1570782001363
2013-12-20 15:30:00,3059.242723634292
2013-12-20 15:40:00,2988.494750162703
2013-12-20 15:50:00,2989.144130869885
2013-12-20 16:00:00,3004.135630136647
2013-12-20 16:10:00,3067.190395759302
2013-12-20 16:20:00,3130.6284576707403
2013-12-20 16:30:00,3181.486957682704
2013-12-20 16:40:00,3215.792312344478
2013-12-20 16:50:00,3318.119959267846
2013-12-20 17:00:00,3358.630638337694
2013-12-20 17:10:00,3323.862667285197
2013-12-20 17:20:00,3329.2406038783374
2013-12-20 17:30:00,3228.42660679837
2013-12-20 17:40:00,3163.185570340487
2013-12-20 17:50:00,3109.9890640116646
2013-12-20 18:00:00,3004.883192626061
2013-12-20 18:10:00,2854.856461343501
2013-12-20 18:20:00,2660.782654344279
2013-12-20 18:30:00,2507.4262470627436
2013-12-20 18:40:00,2386.007043119229
2013-12-20 18:50:00,2238.9698039589566
2013-12-20 19:00:00,2139.2406061075453
2013-12-20 19:10:00,2022.2275412025047
2013-12-20 19:20:00,1907.7240902234043
2013-12-20 19:30:00,1792.1846782950743
2013-12-20 19:40:00,1674.3188801922079
2013-12-20 19:50:00,1585.8579364403558
2013-12-20 20:00:00,1521.7488744627408
2013-12-20 20:10:00,1469.085084296261
2013-12-20 20:20:00,1392.3568003682012
2013-12-20 20:30:00,1300.0722193137553
2013-12-20 20:40:00,1185.5997764318308
2013-12-20 20:50:00,1105.9207131382427
2013-12-20 21:00:00,1022.5152049281169
2013-12-20 21:10:00,913.793448385899
2013-12-20 21:20:00,836.3311377501523
2013-12-20 21:30:00,751.2197421247256
2013-12-20 21:40:00,687.0427907286503
2013-12-20 21:50:00,632.2977741294599
2013-12-20 22:00:00,576.4210567127739
2013-12-20 22:10:00,581.7233781768882
2013-12-20 22:20:00,548.862373524229
2013-12-20 22:30:00,533.11211264538
2013-12-20 22:40:00,513.8470113257645
2013-12-20 22:50:00,505.08592923817923
2013-12-20 23:00:00,478.38250536535634
2013-12-20 23:10:00,443.66261475681677
2013-12-20 23:20:00,393.51866929375683
2013-12-20 23:30:00,344.882563602936
2013-12-20 23:40:00,294.2402150789567
2013-12-20 23:50:00,268.6476094490208
2013-12-21 00:00:00,244.7055692524591
2013-12-21 00:10:00,264.10741775418865
2013-12-21 00:20:00,246.86329495545942
2013-12-21 00:30:00,230.6201884750626
2013-12-21 00:40:00,213.90234023804078
2013-12-21 00:50:00,201.79297308297828
2013-12-21 01:00:00,186.8873618246871
2013-12-21 01:10:00,185.67650931311073
2013-12-21 01:20:00,186.11639064276824
2013-12-21 01:30:00,180.2413140476565
2013-12-21 01:40:00,170.7198704733164
2013-12-21 01:50:00,162.78870231856126
2013-12-21 02:00:00,157.0326900802902
2013-12-21 02:10:00,154.09296248055762
2013-12-21 02:20:00,153.81054249976296
2013-12-21 02:30:00,153.3334430331015
2013-12-21 02:40:00,148.14041826996254
2013-12-21 02:50:00,148.5779418895836
2013-12-21 03:00:00,146.20339106715983
2013-12-21 03:10:00,144.14830995467491
2013-12-21 03:20:00,149.08400750812143
2013-12-21 03:30:00,148.46999245148618
2013-12-21 03:40:00,150.39085249975324
2013-12-21 03:50:00,157.02005949080922
2013-12-21 04:00:00,156.276538790029
2013-12-21 04:10:00,156.12126674334286
2013-12-21 04:20:00,159.0950127307442
2013-12-21 04:30:00,155.27788018173305
2013-12-21 04:40:00,153.86426460702205
2013-12-21 04:50:00,157.46583509555785
2013-12-21 05:00:00,154.27534819266293
2013-12-21 05:10:00,156.5406023141113
2013-12-21 05:20:00,161.29660868120845
2013-12-21 05:30:00,156.36427928495687
2013-12-21 05:40:00,155.9543745543342
2013-12-21 05:50:00,155.77973560377723
2013-12-21 06:00:00,156.2096808697097
2013-12-21 06:10:00,155.51718775043264
2013-12-21 06:20:00,154.64163528761128
2013-12-21 06:30:00,150.53905141633004
2013-12-21 06:40:00,155.7273607593961
2013-12-21 06:50:00,163.75721591996262
2013-12-21 07:00:00,161.89445658330806
2013-12-21 07:10:00,166.96488042455167
2013-12-21 07:20:00,182.91866220190423
2013-12-21 07:30:00,188.3238808683236
2013-12-21 07:40:00,193.8722462155274
2013-12-21 07:50:00,203.63653392362176
2013-12-21 08:00:00,211.80397830560105
2013-12-21 08:10:00,223.08932580292458
2013-12-21 08:20:00,229.74909882052452
2013-12-21 08:30:00,233.04012521568802
2013-12-21 08:40:00,266.6995515314047
2013-12-21 08:50:00,288.90362261538394
2013-12-21 09:00:00,303.2105439322768
2013-12-21 09:10:00,341.9827486659633
2013-12-21 09:20:00,380.62586877515423
2013-12-21 09:30:00,443.88743924957816
2013-12-21 09:40:00,521.487086494948
2013-12-21 09:50:00,592.5217743477551
2013-12-21 10:00:00,695.3821795354306
2013-12-21 10:10:00,856.333107660088
2013-12-21 10:20:00,1061.8391138103325
2013-12-21 10:30:00,1233.7418787170682
2013-12-21 10:40:00,1457.4677838563948
2013-12-21 10:50:00,1689.391941490543
2013-12-21 11:00:00,1928.3286234555126
2013-12-21 11:10:00,2089.6364920389024
2013-12-21 11:20:00,2246.473216149956
2013-12-21 11:30:00,2480.5252807704383
2013-12-21 11:40:00,2652.829929983476
2013-12-21 11:50:00,2801.4599706812296
2013-12-21 12:00:00,3026.437883002858
2013-12-21 12:10:00,3264.133451668953
2013-12-21 12:20:00,3420.2458535752376
2013-12-21 12:30:00,3506.213350555685
2013-12-21 12:40:00,3676.3238137640874
2013-12-21 12:50:00,3675.9398438438657
2013-12-21 13:00:00,3721.2107394773047
2013-12-21 13:10:00,3774.5450034354
2013-12-21 13:20:00,3823.018342929776
2013-12-21 13:30:00,3742.338347521785
2013-12-21 13:40:00,3768.787643934251
2013-12-21 13:50:00,3752.113581740763
2013-12-21 14:00:00,3734.776497803454
2013-12-21 14:10:00,3821.271953424206
2013-12-21 14:20:00,3984.629429864639
2013-12-21 14:30:00,4131.971487251052
2013-12-21 14:40:00,4266.497369695047
2013-12-21 14:50:00,4330.493535253685
2013-12-21 15:00:00,4430.341544850147
2013-12-21 15:10:00,4455.56432682008
2013-12-21 15:20:00,4529.590022465913
2013-12-21 15:30:00,4589.113106861827
2013-12-21 15:40:00,4710.56649760087
2013-12-21 15:50:00,4784.533250495791
2013-12-21 16:00:00,4913.681196346646
2013-12-21 16:10:00,4961.290098296944
2013-12-21 16:20:00,5052.447251883335
2013-12-21 16:30:00,5105.539513746975
2013-12-21 16:40:00,5136.3413112945855
2013-12-21 16:50:00,5167.550992678502
2013-12-21 17:00:00,5170.795538504375
2013-12-21 17:10:00,5133.970128629357
2013-12-21 17:20:00,4983.19120364124
2013-12-21 17:30:00,4829.976427369751
2013-12-21 17:40:00,4669.887579079135
2013-12-21 17:50:00,4493.360776414396
2013-12-21 18:00:00,4293.679745520989
2013-12-21 18:10:00,4115.840540405246
2013-12-21 18:20:00,3860.469388003752
2013-12-21 18:30:00,3629.7487676647725
2013-12-21 18:40:00,3321.9647107058554
2013-12-21 18:50:00,3082.5328570057754
2013-12-21 19:00:00,2959.876360516704
2013-12-21 19:10:00,2829.1945558792795
2013-12-21 19:20:00,2668.5972842600895
2013-12-21 19:30:00,2496.8218567463045
2013-12-21 19:40:00,2392.676752200554
2013-12-21 19:50:00,2267.4474888381374
2013-12-21 20:00:00,2161.0535499372636
2013-12-21 20:10:00,2029.0002316900645
2013-12-21 20:20:00,1878.3254038102532
2013-12-21 20:30:00,1693.5135765009582
2013-12-21 20:40:00,1496.1352915287753
2013-12-21 20:50:00,1290.9618593250561
2013-12-21 21:00:00,1172.2183405081742
2013-12-21 21:10:00,1055.9201669677568
2013-12-21 21:20:00,981.5920108058199
2013-12-21 21:30:00,908.4084386626491
2013-12-21 21:40:00,861.9820124995604
2013-12-21 21:50:00,791.3776909323351
2013-12-21 22:00:00,734.2486084666452
2013-12-21 22:10:00,760.5017097225063
2013-12-21 22:20:00,757.1594031340501
2013-12-21 22:30:00,724.7289331748325
2013-12-21 22:40:00,700.4538664356223
2013-12-21 22:50:00,703.1980725101894
2013-12-21 23:00:00,701.7333451500454
2013-12-21 23:10:00,678.4770617583708
2013-12-21 23:20:00,613.1077827152913
2013-12-21 23:30:00,522.6606366655906
2013-12-21 23:40:00,454.87369438799215
2013-12-21 23:50:00,387.0434712904389
2013-12-22 00:00:00,347.952807293972
2013-12-22 00:10:00,326.72819632227765
2013-12-22 00:20:00,332.94067806439125
2013-12-22 00:30:00,318.1203653870616
2013-12-22 00:40:00,296.2233018314
2013-12-22 00:50:00,275.50458807038376
2013-12-22 01:00:00,236.71815287254867
2013-12-22 01:10:00,210.7101692565484
2013-12-22 01:20:00,194.03290731372545
2013-12-22 01:30:00,180.3593679573387
2013-12-22 01:40:00,174.57775772438617
2013-12-22 01:50:00,167.9118378199055
2013-12-22 02:00:00,163.02902033441933
2013-12-22 02:10:00,160.46989449771354
2013-12-22 02:20:00,155.89324250124628
2013-12-22 02:30:00,159.12936793413246
2013-12-22 02:40:00,157.62733823305462
2013-12-22 02:50:00,158.91279542649863
2013-12-22 03:00:00,161.70045072888024
2013-12-22 03:10:00,162.68075288046384
2013-12-22 03:20:00,160.88569350342732
2013-12-22 03:30:00,163.29594679211732
2013-12-22 03:40:00,163.9434750128421
2013-12-22 03:50:00,167.16595940908883
2013-12-22 04:00:00,169.2393969782861
2013-12-22 04:10:00,169.33320015616482
2013-12-22 04:20:00,169.74512578110443
2013-12-22 04:30:00,171.3136765867821
2013-12-22 04:40:00,174.70726336853113
2013-12-22 04:50:00,175.76200179412263
2013-12-22 05:00:00,173.68014383193804
2013-12-22 05:10:00,181.782077556476
2013-12-22 05:20:00,192.94903432839783
2013-12-22 05:30:00,193.32896245998563
2013-12-22 05:40:00,195.94635741616366
2013-12-22 05:50:00,190.95542208472034
2013-12-22 06:00:00,193.12485213397304
2013-12-22 06:10:00,192.74761852814117
2013-12-22 06:20:00,201.39115192962345
2013-12-22 06:30:00,204.7401106285397
2013-12-22 06:40:00,208.83629500115057
2013-12-22 06:50:00,216.71828806085978
2013-12-22 07:00:00,217.35318569210358
2013-12-22 07:10:00,219.63578582310583
2013-12-22 07:20:00,216.87221284466796
2013-12-22 07:30:00,206.89623645687243
2013-12-22 07:40:00,211.09868618898327
2013-12-22 07:50:00,213.23106650909176
2013-12-22 08:00:00,229.97139719538973
2013-12-22 08:10:00,268.67640719303745
2013-12-22 08:20:00,273.0721891481371
2013-12-22 08:30:00,285.373204447591
2013-12-22 08:40:00,296.0650826471683
2013-12-22 08:50:00,299.92212785893935
2013-12-22 09:00:00,319.1208764818148
2013-12-22 09:10:00,335.4446503270301
2013-12-22 09:20:00,346.3394599976018
2013-12-22 09:30:00,370.7419272827101
2013-12-22 09:40:00,422.9784246070485
2013-12-22 09:50:00,470.5678754495457
2013-12-22 10:00:00,553.8043021684862
2013-12-22 10:10:00,666.1557533118175
2013-12-22 10:20:00,848.7531540968339
2013-12-22 10:30:00,1035.8233834327839
2013-12-22 10:40:00,1319.73295279788
2013-12-22 10:50:00,1599.7642365098945
2013-12-22 11:00:00,1932.8700782092928
2013-12-22 11:10:00,2191.457147100504
2013-12-22 11:20:00,2456.3675101055414
2013-12-22 11:30:00,2723.0950781211723
2013-12-22 11:40:00,2962.5597713539028
2013-12-22 11:50:00,3078.418316176452
2013-12-22 12:00:00,3184.4487467120634
2013-12-22 12:10:00,3277.607090895821
2013-12-22 12:20:00,3395.5131384771666
2013-12-22 12:30:00,3501.7369012357667
2013-12-22 12:40:00,3593.5164902717806
2013-12-22 12:50:00,3617.156743583677
2013-12-22 13:00:00,3663.854559012747
2013-12-22 13:10:00,3683.731401882891
2013-12-22 13:20:00,3723.5511035042
2013-12-22 13:30:00,3738.5287933264626
2013-12-22 13:40:00,3647.2347241500975
2013-12-22 13:50:00,3678.980784567306
2013-12-22 14:00:00,3709.896931051684
2013-12-22 14:10:00,3768.8748792055994
2013-12-22 14:20:00,3839.0416771532036
2013-12-22 14:30:00,3957.566286803398
2013-12-22 14:40:00,4057.191324393556
2013-12-22 14:50:00,4114.8757317767595
2013-12-22 15:00:00,4101.738234637945
2013-12-22 15:10:00,4227.391717399063
2013-12-22 15:20:00,4346.375238467066
2013-12-22 15:30:00,4484.110806309967
2013-12-22 15:40:00,4665.234469914343
2013-12-22 15:50:00,4742.239300599089
2013-12-22 16:00:00,4801.583199032233
2013-12-22 16:10:00,4872.521978608915
2013-12-22 16:20:00,4996.438502704608
2013-12-22 16:30:00,5167.599830957828
2013-12-22 16:40:00,5209.932851477992
2013-12-22 16:50:00,5223.678974621929
2013-12-22 17:00:00,5222.812010959955
2013-12-22 17:10:00,5184.7302784512285
2013-12-22 17:20:00,5163.817727243644
2013-12-22 17:30:00,4998.876711698016
2013-12-22 17:40:00,4796.958719203598
2013-12-22 17:50:00,4654.153906374471
2013-12-22 18:00:00,4490.425764234737
2013-12-22 18:10:00,4221.2987210334395
2013-12-22 18:20:00,3951.739206448314
2013-12-22 18:30:00,3694.9278300302685
2013-12-22 18:40:00,3388.0562068554573
2013-12-22 18:50:00,3107.26304598595
2013-12-22 19:00:00,2878.8571916791843
2013-12-22 19:10:00,2619.474395650672
2013-12-22 19:20:00,2349.3528198336426
2013-12-22 19:30:00,2078.9974097033555
2013-12-22 19:40:00,1831.0013848056988
2013-12-22 19:50:00,1631.5547671275672
2013-12-22 20:00:00,1420.2193334376934
2013-12-22 20:10:00,1284.4322655830401
2013-12-22 20:20:00,1175.7128035979113
2013-12-22 20:30:00,1084.149281845952
2013-12-22 20:40:00,971.7237312443322
2013-12-22 20:50:00,857.3089470033883
2013-12-22 21:00:00,785.8152635288425
2013-12-22 21:10:00,699.4115059877222
2013-12-22 21:20:00,589.8595829008846
2013-12-22 21:30:00,504.3215259627905
2013-12-22 21:40:00,457.0307464595535
2013-12-22 21:50:00,382.6414582445286
2013-12-22 22:00:00,354.0487507971411
2013-12-22 22:10:00,392.5412300757889
2013-12-22 22:20:00,400.2133027383243
2013-12-22 22:30:00,379.26488065661397
2013-12-22 22:40:00,349.3708856769663
2013-12-22 22:50:00,332.7460827824543
2013-12-22 23:00:00,313.5868258026894
2013-12-22 23:10:00,302.0669703606691
2013-12-22 23:20:00,278.17646296918974
2013-12-22 23:30:00,255.24268062892952
2013-12-22 23:40:00,235.03432688687462
2013-12-22 23:50:00,229.1371888621361
